key,typicalLengthMm,typicalWeightG,profile
anchovy,110,10,marine
ancient-iced-coelacanth,1600,85000,fantasy
ancient-sturgeon,1800,40000,fantasy
angelfish,120,40,aquarium
ash-trout,420,950,fantasy
aurora-frostfin,700,6500,fantasy
aurora-fry,60,4,fantasy
basalt-blowfish,280,650,fantasy
bass,400,1100,largemouth
batfin,380,1100,fantasy
betta-fish,55,3,aquarium
big-mouth-bass,500,2100,largemouth
bitterling,55,3,freshwater
blaze-goby,85,9,fantasy
blazing-coelacanth,1300,45000,fantasy
blenny,95,12,marine
blobfish,250,500,marine
blowfish,220,300,marine
blue-crab,150,180,invertebrate
blue-discus,140,90,aquarium
blue-marlin,2400,110000,marine
blue-slimefish,320,850,fantasy
blue-tang,180,150,marine
bluegill,180,140,freshwater
blueglass,200,150,fantasy
bowfin,550,2400,freshwater
bream,300,450,freshwater
brook-trout,250,180,freshwater
brown-ray,650,3500,marine
brown-trout,400,800,freshwater
bullhead,250,300,freshwater
burbot,500,1200,freshwater
burnfish,180,90,fantasy
burning-bluegil,230,300,fantasy
burning-slimefish,360,1400,fantasy
candycorn-minnow,130,35,fantasy
carp,450,1600,carp
catfish,650,4000,freshwater
channel-catfish,500,1600,freshwater
chillscale-fry,65,5,fantasy
chromis,90,15,marine
cinder-loach,150,40,fantasy
cinderling-guppy,70,6,fantasy
cinderling,120,40,fantasy
cloudfish,250,350,fantasy
clownfish,85,15,marine
cobweb-carp,650,4800,fantasy
cod,650,3200,marine
coelacanth,1200,35000,marine
coldmist,180,90,fantasy
coral-fish,240,300,fantasy
corecracker-carp,700,6500,fantasy
crackle-perch,280,350,fantasy
crappie,250,300,freshwater
creek-chub,120,20,freshwater
croaker,300,400,marine
crucean-carp,250,350,freshwater
crystal-eel,900,1800,fantasy
crystalstinger,550,2500,fantasy
dace,120,18,freshwater
damselfish,100,20,marine
deep-anglerfish,350,750,marine
deepwinter-catfish,1100,18000,fantasy
dorado,1000,10000,marine
dragonfish,850,10000,fantasy
drum,550,2500,freshwater
dungeness-crab,180,800,invertebrate
duskbite,600,1800,fantasy
eel,700,700,freshwater
ember-minnow,100,18,fantasy
ember-platy,70,8,fantasy
fallfish,200,90,freshwater
fathead-minnow,40,1,fathead
fihs,650,5500,fantasy
fire-tuna,1700,85000,fantasy
firefish,300,550,fantasy
fish-toy,90,25,fantasy
flamejaw-oarfish,4800,180000,fantasy
flounder,350,600,marine
flowstone-muskellunge,1400,25000,fantasy
frostbelle,220,230,fantasy
frostbite,550,2200,fantasy
frostcloak-squid,650,4000,fantasy
frostfang,1200,15000,fantasy
frostfin-minnow,110,22,fantasy
frostglass-koi,650,4500,fantasy
frostjaw-bass,550,3500,fantasy
frostveil-betta,120,35,fantasy
frosty-nyan-fish,500,3200,fantasy
frozen-fangling,300,450,fantasy
frozen-loach,180,55,fantasy
furnace-koi,600,4200,fantasy
galaxyscale,900,16000,fantasy
gar,1000,6500,freshwater
ghost-shiner,150,50,fantasy
giant-catfish,2200,75000,freshwater
giant-crab,500,18000,invertebrate
glaciel-sturgeon,2200,75000,fantasy
glacier-guppy,75,7,fantasy
glacier-maw,2400,140000,fantasy
glacier-puffer,450,3500,fantasy
glimmer-eel,850,1600,fantasy
golden-shiner,120,20,freshwater
goldfish,120,45,aquarium
goliath-grouper,1600,100000,marine
great-hellfin-shark,5500,1100000,fantasy
great-white-shark,4000,600000,marine
green-tropic-fish,140,65,fantasy
grunt,250,300,marine
gudgeon,110,15,freshwater
guppy,40,1,aquarium
haddock,450,900,marine
hail-pike,1100,12000,fantasy
hailstinger,550,2400,fantasy
hailstripe,240,350,fantasy
hake,550,1300,marine
halibut,1000,14000,marine
heated-goliath-grouper,2100,200000,fantasy
hermit-crab,50,25,invertebrate
herring,250,150,marine
honey-carp,550,3000,fantasy
icebarb-sturgeon,1900,55000,fantasy
icechip-dace,140,30,fantasy
icefeather-lionfish,600,4500,fantasy
icefish,150,40,marine
icey-blueegill,220,250,fantasy
icicle-goby,100,15,fantasy
icicle-seahorse,170,40,fantasy
ignis-catfish,1000,14000,fantasy
jack-o-fish,400,1800,fantasy
jellyfish,250,1000,invertebrate
kelpfin,300,450,fantasy
kelpscale,180,120,fantasy
killifish,60,4,aquarium
koi,450,1700,aquarium
lava-dragonfish,1100,22000,fantasy
lava-eel,1000,2800,fantasy
lava-shiner,130,35,fantasy
lavafish,350,850,fantasy
leaffish,300,650,fantasy
lightning-loach,500,1000,fantasy
lil-blue-slimefish,120,45,fantasy
lil-green-slimefish,110,35,fantasy
lil-molten-slime,130,65,fantasy
lil-pink-slimefish,100,30,fantasy
lionfish,250,300,marine
mackerel,300,250,marine
magma-carp,650,5500,fantasy
magma-danio,80,9,fantasy
magma-sardine,180,70,fantasy
manta-ray,3000,300000,marine
minnow,70,4,freshwater
molten-angelfish,250,350,fantasy
molten-giant-catfish,3300,250000,fantasy
molten-piranha,300,800,fantasy
moon-fish,700,10000,fantasy
moon-jelly,200,500,invertebrate
moonice-wrasse,450,1500,fantasy
mosquitofish,30,1,aquarium
mudminnow,75,5,freshwater
mullet,350,550,marine
muskellunge,1000,8000,freshwater
mussels,60,25,invertebrate
nebula-minnow,150,55,fantasy
nidalees-lost-sock,280,70,artifact
nomura-s-jellyfish,1300,65000,invertebrate
nyan-fish,450,2500,fantasy
oarfish,3500,55000,marine
octopus,600,2500,invertebrate
pea-crab,10,1,invertebrate
pearl-wisp,100,12,fantasy
perch,230,180,freshwater
petal-koi,600,3800,fantasy
phantom-ray,1500,35000,fantasy
pink-salmon,500,1500,freshwater
pink-slimefish,300,750,fantasy
plaice,300,400,marine
polar-shiner,130,30,fantasy
pollock,650,2500,marine
pumpkin-koi,550,4000,fantasy
pumpkin-puffer,400,2500,fantasy
pumpkinseed,150,75,freshwater
pyro-discus,220,350,fantasy
rainbow-trout,350,500,freshwater
red-king-crab,220,3500,invertebrate
red-reef-fish,160,90,fantasy
rift-bitterling,110,25,fantasy
roach,200,120,freshwater
rock-bass,180,150,freshwater
rudd,220,180,freshwater
ruffe,120,22,freshwater
runefin,280,500,fantasy
sandbar-shark,1500,40000,marine
sardine,150,30,marine
sea-turtle,800,70000,marine
seahorse,120,15,marine
seared-fry,65,5,fantasy
searfin,300,600,fantasy
searing-bass,500,3000,fantasy
shad,350,600,freshwater
shadow-koi,550,3200,fantasy
shark,2200,90000,marine
shiner,80,5,freshwater
silver-perch,250,240,freshwater
silverflake,180,80,fantasy
silverscale,250,220,fantasy
skullscale,450,2200,fantasy
slush-minnow,100,18,fantasy
smelt,150,25,marine
snow-crab,140,700,invertebrate
snow-puff,180,150,fantasy
snowcap,170,120,fantasy
snowdrift,160,100,fantasy
snowflake-guppy,65,5,fantasy
snowmantle-plaice,400,1200,fantasy
snowpike,1000,9000,fantasy
spottail-shiner,90,6,freshwater
squid,400,600,invertebrate
starfish,150,100,invertebrate
stickleback,50,2,stickleback
stingray,800,10000,marine
stone-loach,100,12,freshwater
stormscale,350,1000,fantasy
sturddlefish,1500,25000,freshwater
suckerfish,350,650,freshwater
sun-fish,650,9000,fantasy
sunfish,180,130,freshwater
sunray-fish,300,450,fantasy
swordfish,2000,85000,marine
tench,350,900,freshwater
thornscale,280,400,fantasy
threadfin-shad,110,12,freshwater
tidebloom,300,550,fantasy
tilapia,300,700,freshwater
titanic-frost-catfish,3600,300000,fantasy
triggerfish,300,750,marine
tuna,1400,38000,bluefin
void-fish,1000,25000,fantasy
volcanic-ray,1300,30000,fantasy
volcanic-sturgeon,2000,65000,fantasy
walleye,450,1000,walleye
warmouth,160,90,freshwater
white-bass,280,400,freshwater
whitefish,400,700,freshwater
whiteout-shark,3200,220000,fantasy
whiting,300,250,marine
winter-sprat,140,25,fantasy
wintertide-octopus,900,8000,fantasy
witchlight-betta,160,90,fantasy
wrasse,200,180,marine
yellow-perch,220,150,freshwater
